eGRID_subregion,climate_zone,chiller_type,scope,WC_mean,WC_std,%_evap_mean,%_evap_std,"Water Consumption, $L/MWh_C m^2$",Percent Evaporation
AZNM,2B,AbsorptionChiller,LC,3.29,5.39,97.7,6.05,3.29 +/- 5.39,97.7 +/- 6.05
AZNM,2B,AbsorptionChiller,PoG,3.21,5.43,100.0,0.0,3.21 +/- 5.43,100.0 +/- 0.0
AZNM,2B,AirCooledChiller,LC,31.2,52.3,0.0,0.0,31.2 +/- 52.3,0.0 +/- 0.0
AZNM,2B,AirCooledChiller,PoG,2.37,3.97,0.0,0.0,2.37 +/- 3.97,0.0 +/- 0.0
AZNM,2B,WaterCooledChiller,LC,22.9,38.4,8.14,6.29,22.9 +/- 38.4,8.14 +/- 6.29
AZNM,2B,WaterCooledChiller,PoG,3.53,5.95,53.8,21.8,3.53 +/- 5.95,53.8 +/- 21.8
AZNM,3B,AbsorptionChiller,LC,3.35,5.51,97.7,6.13,3.35 +/- 5.51,97.7 +/- 6.13
AZNM,3B,AbsorptionChiller,PoG,3.28,5.56,100.0,0.0,3.28 +/- 5.56,100.0 +/- 0.0
AZNM,3B,AirCooledChiller,LC,31.2,52.3,0.0,0.0,31.2 +/- 52.3,0.0 +/- 0.0
AZNM,3B,AirCooledChiller,PoG,2.37,3.97,0.0,0.0,2.37 +/- 3.97,0.0 +/- 0.0
AZNM,3B,WaterCooledChiller,LC,23.0,38.5,8.3,7.82,23.0 +/- 38.5,8.3 +/- 7.82
AZNM,3B,WaterCooledChiller,PoG,3.59,6.06,54.3,27.0,3.59 +/- 6.06,54.3 +/- 27.0
AZNM,4B,AbsorptionChiller,LC,3.05,5.04,97.4,6.87,3.05 +/- 5.04,97.4 +/- 6.87
AZNM,4B,AbsorptionChiller,PoG,2.97,5.0,100.0,0.0,2.97 +/- 5.0,100.0 +/- 0.0
AZNM,4B,AirCooledChiller,LC,31.2,51.5,0.0,0.0,31.2 +/- 51.5,0.0 +/- 0.0
AZNM,4B,AirCooledChiller,PoG,2.37,3.91,0.0,0.0,2.37 +/- 3.91,0.0 +/- 0.0
AZNM,4B,WaterCooledChiller,LC,22.7,37.5,7.3,7.99,22.7 +/- 37.5,7.3 +/- 7.99
AZNM,4B,WaterCooledChiller,PoG,3.34,5.58,50.7,31.1,3.34 +/- 5.58,50.7 +/- 31.1
AZNM,5B,AbsorptionChiller,LC,3.05,5.1,97.4,7.17,3.05 +/- 5.1,97.4 +/- 7.17
AZNM,5B,AbsorptionChiller,PoG,2.98,5.13,100.0,0.0,2.98 +/- 5.13,100.0 +/- 0.0
AZNM,5B,AirCooledChiller,LC,31.2,52.3,0.0,0.0,31.2 +/- 52.3,0.0 +/- 0.0
AZNM,5B,AirCooledChiller,PoG,2.37,3.97,0.0,0.0,2.37 +/- 3.97,0.0 +/- 0.0
AZNM,5B,WaterCooledChiller,LC,22.7,38.2,7.22,9.44,22.7 +/- 38.2,7.22 +/- 9.44
AZNM,5B,WaterCooledChiller,PoG,3.35,5.71,50.4,37.6,3.35 +/- 5.71,50.4 +/- 37.6
AZNM,6B,AbsorptionChiller,LC,2.91,4.87,97.2,7.84,2.91 +/- 4.87,97.2 +/- 7.84
AZNM,6B,AbsorptionChiller,PoG,2.84,4.9,100.0,0.0,2.84 +/- 4.9,100.0 +/- 0.0
AZNM,6B,AirCooledChiller,LC,31.2,52.3,0.0,0.0,31.2 +/- 52.3,0.0 +/- 0.0
AZNM,6B,AirCooledChiller,PoG,2.37,3.97,0.0,0.0,2.37 +/- 3.97,0.0 +/- 0.0
AZNM,6B,WaterCooledChiller,LC,22.6,38.0,6.76,10.2,22.6 +/- 38.0,6.76 +/- 10.2
AZNM,6B,WaterCooledChiller,PoG,3.24,5.54,48.6,43.7,3.24 +/- 5.54,48.6 +/- 43.7
CAMX,2B,AbsorptionChiller,LC,3.29,5.39,97.7,6.05,3.29 +/- 5.39,97.7 +/- 6.05
CAMX,2B,AbsorptionChiller,PoG,3.21,5.43,100.0,0.0,3.21 +/- 5.43,100.0 +/- 0.0
CAMX,2B,AirCooledChiller,LC,6.33,10.6,0.0,0.0,6.33 +/- 10.6,0.0 +/- 0.0
CAMX,2B,AirCooledChiller,PoG,2.34,3.93,0.0,0.0,2.34 +/- 3.93,0.0 +/- 0.0
CAMX,2B,WaterCooledChiller,LC,6.18,10.4,30.4,18.2,6.18 +/- 10.4,30.4 +/- 18.2
CAMX,2B,WaterCooledChiller,PoG,3.51,5.92,54.0,21.8,3.51 +/- 5.92,54.0 +/- 21.8
CAMX,3B,AbsorptionChiller,LC,3.35,5.51,97.7,6.13,3.35 +/- 5.51,97.7 +/- 6.13
CAMX,3B,AbsorptionChiller,PoG,3.28,5.56,100.0,0.0,3.28 +/- 5.56,100.0 +/- 0.0
CAMX,3B,AirCooledChiller,LC,6.33,10.6,0.0,0.0,6.33 +/- 10.6,0.0 +/- 0.0
CAMX,3B,AirCooledChiller,PoG,2.34,3.93,0.0,0.0,2.34 +/- 3.93,0.0 +/- 0.0
CAMX,3B,WaterCooledChiller,LC,6.24,10.5,30.8,22.5,6.24 +/- 10.5,30.8 +/- 22.5
CAMX,3B,WaterCooledChiller,PoG,3.57,6.03,54.5,27.0,3.57 +/- 6.03,54.5 +/- 27.0
CAMX,3C,AbsorptionChiller,LC,2.43,4.11,96.7,8.48,2.43 +/- 4.11,96.7 +/- 8.48
CAMX,3C,AbsorptionChiller,PoG,2.35,4.12,100.0,0.0,2.35 +/- 4.12,100.0 +/- 0.0
CAMX,3C,AirCooledChiller,LC,6.33,10.6,0.0,0.0,6.33 +/- 10.6,0.0 +/- 0.0
CAMX,3C,AirCooledChiller,PoG,2.34,3.93,0.0,0.0,2.34 +/- 3.93,0.0 +/- 0.0
CAMX,3C,WaterCooledChiller,LC,5.52,9.38,21.4,20.2,5.52 +/- 9.38,21.4 +/- 20.2
CAMX,3C,WaterCooledChiller,PoG,2.85,4.9,42.3,29.4,2.85 +/- 4.9,42.3 +/- 29.4
CAMX,4B,AbsorptionChiller,LC,3.05,5.05,97.4,6.88,3.05 +/- 5.05,97.4 +/- 6.88
CAMX,4B,AbsorptionChiller,PoG,2.97,5.08,100.0,0.0,2.97 +/- 5.08,100.0 +/- 0.0
CAMX,4B,AirCooledChiller,LC,6.33,10.6,0.0,0.0,6.33 +/- 10.6,0.0 +/- 0.0
CAMX,4B,AirCooledChiller,PoG,2.34,3.93,0.0,0.0,2.34 +/- 3.93,0.0 +/- 0.0
CAMX,4B,WaterCooledChiller,LC,6.0,10.1,27.9,24.8,6.0 +/- 10.1,27.9 +/- 24.8
CAMX,4B,WaterCooledChiller,PoG,3.32,5.64,51.0,31.6,3.32 +/- 5.64,51.0 +/- 31.6
CAMX,4C,AbsorptionChiller,LC,2.51,4.19,96.8,8.5,2.51 +/- 4.19,96.8 +/- 8.5
CAMX,4C,AbsorptionChiller,PoG,2.43,4.2,100.0,0.0,2.43 +/- 4.2,100.0 +/- 0.0
CAMX,4C,AirCooledChiller,LC,6.33,10.6,0.0,0.0,6.33 +/- 10.6,0.0 +/- 0.0
CAMX,4C,AirCooledChiller,PoG,2.34,3.93,0.0,0.0,2.34 +/- 3.93,0.0 +/- 0.0
CAMX,4C,WaterCooledChiller,LC,5.58,9.44,22.3,24.7,5.58 +/- 9.44,22.3 +/- 24.7
CAMX,4C,WaterCooledChiller,PoG,2.91,4.96,43.6,35.8,2.91 +/- 4.96,43.6 +/- 35.8
CAMX,5B,AbsorptionChiller,LC,3.05,5.1,97.4,7.17,3.05 +/- 5.1,97.4 +/- 7.17
CAMX,5B,AbsorptionChiller,PoG,2.98,5.13,100.0,0.0,2.98 +/- 5.13,100.0 +/- 0.0
CAMX,5B,AirCooledChiller,LC,6.33,10.6,0.0,0.0,6.33 +/- 10.6,0.0 +/- 0.0
CAMX,5B,AirCooledChiller,PoG,2.34,3.93,0.0,0.0,2.34 +/- 3.93,0.0 +/- 0.0
CAMX,5B,WaterCooledChiller,LC,6.0,10.2,27.7,29.1,6.0 +/- 10.2,27.7 +/- 29.1
CAMX,5B,WaterCooledChiller,PoG,3.33,5.68,50.7,37.6,3.33 +/- 5.68,50.7 +/- 37.6
CAMX,6B,AbsorptionChiller,LC,2.91,4.87,97.2,7.84,2.91 +/- 4.87,97.2 +/- 7.84
CAMX,6B,AbsorptionChiller,PoG,2.84,4.9,100.0,0.0,2.84 +/- 4.9,100.0 +/- 0.0
CAMX,6B,AirCooledChiller,LC,6.33,10.6,0.0,0.0,6.33 +/- 10.6,0.0 +/- 0.0
CAMX,6B,AirCooledChiller,PoG,2.34,3.93,0.0,0.0,2.34 +/- 3.93,0.0 +/- 0.0
CAMX,6B,WaterCooledChiller,LC,5.9,9.99,26.3,32.5,5.9 +/- 9.99,26.3 +/- 32.5
CAMX,6B,WaterCooledChiller,PoG,3.23,5.51,48.8,43.7,3.23 +/- 5.51,48.8 +/- 43.7
ERCT,2A,AbsorptionChiller,LC,2.48,4.05,96.9,7.68,2.48 +/- 4.05,96.9 +/- 7.68
ERCT,2A,AbsorptionChiller,PoG,2.41,4.05,100.0,0.0,2.41 +/- 4.05,100.0 +/- 0.0
ERCT,2A,AirCooledChiller,LC,4.66,7.81,0.0,0.0,4.66 +/- 7.81,0.0 +/- 0.0
ERCT,2A,AirCooledChiller,PoG,1.19,1.99,0.0,0.0,1.19 +/- 1.99,0.0 +/- 0.0
ERCT,2A,WaterCooledChiller,LC,4.4,7.39,28.4,14.7,4.4 +/- 7.39,28.4 +/- 14.7
ERCT,2A,WaterCooledChiller,PoG,2.07,3.48,60.8,17.4,2.07 +/- 3.48,60.8 +/- 17.4
ERCT,2B,AbsorptionChiller,LC,3.29,5.39,97.7,6.05,3.29 +/- 5.39,97.7 +/- 6.05
ERCT,2B,AbsorptionChiller,PoG,3.21,5.43,100.0,0.0,3.21 +/- 5.43,100.0 +/- 0.0
ERCT,2B,AirCooledChiller,LC,4.66,7.81,0.0,0.0,4.66 +/- 7.81,0.0 +/- 0.0
ERCT,2B,AirCooledChiller,PoG,1.19,1.99,0.0,0.0,1.19 +/- 1.99,0.0 +/- 0.0
ERCT,2B,WaterCooledChiller,LC,5.06,8.52,37.2,20.2,5.06 +/- 8.52,37.2 +/- 20.2
ERCT,2B,WaterCooledChiller,PoG,2.73,4.62,69.8,18.7,2.73 +/- 4.62,69.8 +/- 18.7
ERCT,3A,AbsorptionChiller,LC,2.53,4.14,97.0,7.68,2.53 +/- 4.14,97.0 +/- 7.68
ERCT,3A,AbsorptionChiller,PoG,2.45,4.08,100.0,0.0,2.45 +/- 4.08,100.0 +/- 0.0
ERCT,3A,AirCooledChiller,LC,4.66,7.68,0.0,0.0,4.66 +/- 7.68,0.0 +/- 0.0
ERCT,3A,AirCooledChiller,PoG,1.19,1.96,0.0,0.0,1.19 +/- 1.96,0.0 +/- 0.0
ERCT,3A,WaterCooledChiller,LC,4.45,7.35,28.8,16.2,4.45 +/- 7.35,28.8 +/- 16.2
ERCT,3A,WaterCooledChiller,PoG,2.11,3.51,61.3,19.0,2.11 +/- 3.51,61.3 +/- 19.0
ERCT,3B,AbsorptionChiller,LC,3.35,5.51,97.7,6.13,3.35 +/- 5.51,97.7 +/- 6.13
ERCT,3B,AbsorptionChiller,PoG,3.28,5.56,100.0,0.0,3.28 +/- 5.56,100.0 +/- 0.0
ERCT,3B,AirCooledChiller,LC,4.66,7.81,0.0,0.0,4.66 +/- 7.81,0.0 +/- 0.0
ERCT,3B,AirCooledChiller,PoG,1.19,1.99,0.0,0.0,1.19 +/- 1.99,0.0 +/- 0.0
ERCT,3B,WaterCooledChiller,LC,5.12,8.63,37.7,25.0,5.12 +/- 8.63,37.7 +/- 25.0
ERCT,3B,WaterCooledChiller,PoG,2.79,4.73,70.2,23.2,2.79 +/- 4.73,70.2 +/- 23.2
ERCT,4B,AbsorptionChiller,LC,3.05,5.05,97.4,6.88,3.05 +/- 5.05,97.4 +/- 6.88
ERCT,4B,AbsorptionChiller,PoG,2.97,5.08,100.0,0.0,2.97 +/- 5.08,100.0 +/- 0.0
ERCT,4B,AirCooledChiller,LC,4.66,7.81,0.0,0.0,4.66 +/- 7.81,0.0 +/- 0.0
ERCT,4B,AirCooledChiller,PoG,1.19,1.99,0.0,0.0,1.19 +/- 1.99,0.0 +/- 0.0
ERCT,4B,WaterCooledChiller,LC,4.88,8.25,34.4,28.0,4.88 +/- 8.25,34.4 +/- 28.0
ERCT,4B,WaterCooledChiller,PoG,2.55,4.34,67.2,28.5,2.55 +/- 4.34,67.2 +/- 28.5
FRCC,1A,AbsorptionChiller,LC,2.4,3.91,96.9,7.67,2.4 +/- 3.91,96.9 +/- 7.67
FRCC,1A,AbsorptionChiller,PoG,2.33,3.9,100.0,0.0,2.33 +/- 3.9,100.0 +/- 0.0
FRCC,1A,AirCooledChiller,LC,3.1,5.2,0.0,0.0,3.1 +/- 5.2,0.0 +/- 0.0
FRCC,1A,AirCooledChiller,PoG,2.19,3.68,0.0,0.0,2.19 +/- 3.68,0.0 +/- 0.0
FRCC,1A,WaterCooledChiller,LC,3.29,5.51,36.5,7.47,3.29 +/- 5.51,36.5 +/- 7.47
FRCC,1A,WaterCooledChiller,PoG,2.68,4.49,44.8,7.97,2.68 +/- 4.49,44.8 +/- 7.97
FRCC,2A,AbsorptionChiller,LC,2.48,4.05,96.9,7.68,2.48 +/- 4.05,96.9 +/- 7.68
FRCC,2A,AbsorptionChiller,PoG,2.41,4.05,100.0,0.0,2.41 +/- 4.05,100.0 +/- 0.0
FRCC,2A,AirCooledChiller,LC,3.1,5.2,0.0,0.0,3.1 +/- 5.2,0.0 +/- 0.0
FRCC,2A,AirCooledChiller,PoG,2.19,3.68,0.0,0.0,2.19 +/- 3.68,0.0 +/- 0.0
FRCC,2A,WaterCooledChiller,LC,3.35,5.63,37.3,17.0,3.35 +/- 5.63,37.3 +/- 17.0
FRCC,2A,WaterCooledChiller,PoG,2.75,4.61,45.7,18.0,2.75 +/- 4.61,45.7 +/- 18.0
MROE,5A,AbsorptionChiller,LC,2.47,4.06,96.9,8.06,2.47 +/- 4.06,96.9 +/- 8.06
MROE,5A,AbsorptionChiller,PoG,2.39,4.07,100.0,0.0,2.39 +/- 4.07,100.0 +/- 0.0
MROE,5A,AirCooledChiller,LC,8.23,13.8,0.0,0.0,8.23 +/- 13.8,0.0 +/- 0.0
MROE,5A,AirCooledChiller,PoG,1.0,1.68,0.0,0.0,1.0 +/- 1.68,0.0 +/- 0.0
MROE,5A,WaterCooledChiller,LC,6.8,11.4,18.0,14.0,6.8 +/- 11.4,18.0 +/- 14.0
MROE,5A,WaterCooledChiller,PoG,1.95,3.3,64.3,22.9,1.95 +/- 3.3,64.3 +/- 22.9
MROE,6A,AbsorptionChiller,LC,2.49,4.1,96.9,8.04,2.49 +/- 4.1,96.9 +/- 8.04
MROE,6A,AbsorptionChiller,PoG,2.41,4.1,100.0,0.0,2.41 +/- 4.1,100.0 +/- 0.0
MROE,6A,AirCooledChiller,LC,8.23,13.8,0.0,0.0,8.23 +/- 13.8,0.0 +/- 0.0
MROE,6A,AirCooledChiller,PoG,1.0,1.68,0.0,0.0,1.0 +/- 1.68,0.0 +/- 0.0
MROE,6A,WaterCooledChiller,LC,6.82,11.5,18.3,14.5,6.82 +/- 11.5,18.3 +/- 14.5
MROE,6A,WaterCooledChiller,PoG,1.96,3.33,64.7,23.5,1.96 +/- 3.33,64.7 +/- 23.5
MROE,7,AbsorptionChiller,LC,2.41,3.98,96.8,8.52,2.41 +/- 3.98,96.8 +/- 8.52
MROE,7,AbsorptionChiller,PoG,2.34,3.98,100.0,0.0,2.34 +/- 3.98,100.0 +/- 0.0
MROE,7,AirCooledChiller,LC,8.23,13.8,0.0,0.0,8.23 +/- 13.8,0.0 +/- 0.0
MROE,7,AirCooledChiller,PoG,1.0,1.68,0.0,0.0,1.0 +/- 1.68,0.0 +/- 0.0
MROE,7,WaterCooledChiller,LC,6.76,11.4,17.5,16.4,6.76 +/- 11.4,17.5 +/- 16.4
MROE,7,WaterCooledChiller,PoG,1.91,3.24,63.4,28.4,1.91 +/- 3.24,63.4 +/- 28.4
MROW,5A,AbsorptionChiller,LC,2.47,4.06,96.9,8.06,2.47 +/- 4.06,96.9 +/- 8.06
MROW,5A,AbsorptionChiller,PoG,2.39,4.07,100.0,0.0,2.39 +/- 4.07,100.0 +/- 0.0
MROW,5A,AirCooledChiller,LC,5.89,9.88,0.0,0.0,5.89 +/- 9.88,0.0 +/- 0.0
MROW,5A,AirCooledChiller,PoG,1.32,2.2,0.0,0.0,1.32 +/- 2.2,0.0 +/- 0.0
MROW,5A,WaterCooledChiller,LC,5.23,8.8,23.5,17.2,5.23 +/- 8.8,23.5 +/- 17.2
MROW,5A,WaterCooledChiller,PoG,2.16,3.65,57.9,24.2,2.16 +/- 3.65,57.9 +/- 24.2
MROW,6A,AbsorptionChiller,LC,2.49,4.1,96.9,8.04,2.49 +/- 4.1,96.9 +/- 8.04
MROW,6A,AbsorptionChiller,PoG,2.41,4.1,100.0,0.0,2.41 +/- 4.1,100.0 +/- 0.0
MROW,6A,AirCooledChiller,LC,5.89,9.88,0.0,0.0,5.89 +/- 9.88,0.0 +/- 0.0
MROW,6A,AirCooledChiller,PoG,1.32,2.2,0.0,0.0,1.32 +/- 2.2,0.0 +/- 0.0
MROW,6A,WaterCooledChiller,LC,5.25,8.83,23.8,17.7,5.25 +/- 8.83,23.8 +/- 17.7
MROW,6A,WaterCooledChiller,PoG,2.18,3.68,58.2,24.8,2.18 +/- 3.68,58.2 +/- 24.8
MROW,6B,AbsorptionChiller,LC,2.91,4.87,97.2,7.84,2.91 +/- 4.87,97.2 +/- 7.84
MROW,6B,AbsorptionChiller,PoG,2.84,4.9,100.0,0.0,2.84 +/- 4.9,100.0 +/- 0.0
MROW,6B,AirCooledChiller,LC,5.89,9.88,0.0,0.0,5.89 +/- 9.88,0.0 +/- 0.0
MROW,6B,AirCooledChiller,PoG,1.32,2.2,0.0,0.0,1.32 +/- 2.2,0.0 +/- 0.0
MROW,6B,WaterCooledChiller,LC,5.61,9.51,27.6,33.7,5.61 +/- 9.51,27.6 +/- 33.7
MROW,6B,WaterCooledChiller,PoG,2.54,4.35,62.9,41.9,2.54 +/- 4.35,62.9 +/- 41.9
MROW,7,AbsorptionChiller,LC,2.41,3.98,96.8,8.52,2.41 +/- 3.98,96.8 +/- 8.52
MROW,7,AbsorptionChiller,PoG,2.34,3.98,100.0,0.0,2.34 +/- 3.98,100.0 +/- 0.0
MROW,7,AirCooledChiller,LC,5.89,9.88,0.0,0.0,5.89 +/- 9.88,0.0 +/- 0.0
MROW,7,AirCooledChiller,PoG,1.32,2.2,0.0,0.0,1.32 +/- 2.2,0.0 +/- 0.0
MROW,7,WaterCooledChiller,LC,5.2,8.75,22.8,20.1,5.2 +/- 8.75,22.8 +/- 20.1
MROW,7,WaterCooledChiller,PoG,2.12,3.6,56.8,29.7,2.12 +/- 3.6,56.8 +/- 29.7
NEWE,4A,AbsorptionChiller,LC,2.48,4.08,96.9,7.96,2.48 +/- 4.08,96.9 +/- 7.96
NEWE,4A,AbsorptionChiller,PoG,2.41,4.08,100.0,0.0,2.41 +/- 4.08,100.0 +/- 0.0
NEWE,4A,AirCooledChiller,LC,2.33,3.91,0.0,0.0,2.33 +/- 3.91,0.0 +/- 0.0
NEWE,4A,AirCooledChiller,PoG,1.64,2.75,0.0,0.0,1.64 +/- 2.75,0.0 +/- 0.0
NEWE,4A,WaterCooledChiller,LC,2.85,4.81,44.0,23.0,2.85 +/- 4.81,44.0 +/- 23.0
NEWE,4A,WaterCooledChiller,PoG,2.39,4.03,52.7,23.4,2.39 +/- 4.03,52.7 +/- 23.4
NEWE,5A,AbsorptionChiller,LC,2.47,4.06,96.9,8.06,2.47 +/- 4.06,96.9 +/- 8.06
NEWE,5A,AbsorptionChiller,PoG,2.39,4.07,100.0,0.0,2.39 +/- 4.07,100.0 +/- 0.0
NEWE,5A,AirCooledChiller,LC,2.33,3.91,0.0,0.0,2.33 +/- 3.91,0.0 +/- 0.0
NEWE,5A,AirCooledChiller,PoG,1.64,2.75,0.0,0.0,1.64 +/- 2.75,0.0 +/- 0.0
NEWE,5A,WaterCooledChiller,LC,2.84,4.8,43.7,24.0,2.84 +/- 4.8,43.7 +/- 24.0
NEWE,5A,WaterCooledChiller,PoG,2.38,4.02,52.4,24.6,2.38 +/- 4.02,52.4 +/- 24.6
NEWE,6A,AbsorptionChiller,LC,2.49,4.1,96.9,8.04,2.49 +/- 4.1,96.9 +/- 8.04
NEWE,6A,AbsorptionChiller,PoG,2.41,4.1,100.0,0.0,2.41 +/- 4.1,100.0 +/- 0.0
NEWE,6A,AirCooledChiller,LC,2.33,3.91,0.0,0.0,2.33 +/- 3.91,0.0 +/- 0.0
NEWE,6A,AirCooledChiller,PoG,1.64,2.75,0.0,0.0,1.64 +/- 2.75,0.0 +/- 0.0
NEWE,6A,WaterCooledChiller,LC,2.86,4.83,44.1,24.7,2.86 +/- 4.83,44.1 +/- 24.7
NEWE,6A,WaterCooledChiller,PoG,2.39,4.05,52.8,25.2,2.39 +/- 4.05,52.8 +/- 25.2
NEWE,7,AbsorptionChiller,LC,2.41,3.98,96.8,8.52,2.41 +/- 3.98,96.8 +/- 8.52
NEWE,7,AbsorptionChiller,PoG,2.34,3.98,100.0,0.0,2.34 +/- 3.98,100.0 +/- 0.0
NEWE,7,AirCooledChiller,LC,2.33,3.91,0.0,0.0,2.33 +/- 3.91,0.0 +/- 0.0
NEWE,7,AirCooledChiller,PoG,1.64,2.75,0.0,0.0,1.64 +/- 2.75,0.0 +/- 0.0
NEWE,7,WaterCooledChiller,LC,2.81,4.74,42.7,28.9,2.81 +/- 4.74,42.7 +/- 28.9
NEWE,7,WaterCooledChiller,PoG,2.34,3.96,51.4,29.9,2.34 +/- 3.96,51.4 +/- 29.9
NWPP,3B,AbsorptionChiller,LC,3.35,5.51,97.7,6.13,3.35 +/- 5.51,97.7 +/- 6.13
NWPP,3B,AbsorptionChiller,PoG,3.28,5.56,100.0,0.0,3.28 +/- 5.56,100.0 +/- 0.0
NWPP,3B,AirCooledChiller,LC,3.03,5.08,0.0,0.0,3.03 +/- 5.08,0.0 +/- 0.0
NWPP,3B,AirCooledChiller,PoG,2.26,3.79,0.0,0.0,2.26 +/- 3.79,0.0 +/- 0.0
NWPP,3B,WaterCooledChiller,LC,4.03,6.8,48.1,26.9,4.03 +/- 6.8,48.1 +/- 26.9
NWPP,3B,WaterCooledChiller,PoG,3.51,5.94,55.4,26.9,3.51 +/- 5.94,55.4 +/- 26.9
NWPP,4B,AbsorptionChiller,LC,3.05,5.04,97.4,6.87,3.05 +/- 5.04,97.4 +/- 6.87
NWPP,4B,AbsorptionChiller,PoG,2.97,5.0,100.0,0.0,2.97 +/- 5.0,100.0 +/- 0.0
NWPP,4B,AirCooledChiller,LC,3.03,5.0,0.0,0.0,3.03 +/- 5.0,0.0 +/- 0.0
NWPP,4B,AirCooledChiller,PoG,2.26,3.73,0.0,0.0,2.26 +/- 3.73,0.0 +/- 0.0
NWPP,4B,WaterCooledChiller,LC,3.79,6.31,44.6,30.5,3.79 +/- 6.31,44.6 +/- 30.5
NWPP,4B,WaterCooledChiller,PoG,3.27,5.46,51.9,31.1,3.27 +/- 5.46,51.9 +/- 31.1
NWPP,4C,AbsorptionChiller,LC,2.51,4.19,96.8,8.5,2.51 +/- 4.19,96.8 +/- 8.5
NWPP,4C,AbsorptionChiller,PoG,2.43,4.2,100.0,0.0,2.43 +/- 4.2,100.0 +/- 0.0
NWPP,4C,AirCooledChiller,LC,3.03,5.08,0.0,0.0,3.03 +/- 5.08,0.0 +/- 0.0
NWPP,4C,AirCooledChiller,PoG,2.26,3.79,0.0,0.0,2.26 +/- 3.79,0.0 +/- 0.0
NWPP,4C,WaterCooledChiller,LC,3.37,5.74,37.4,33.8,3.37 +/- 5.74,37.4 +/- 33.8
NWPP,4C,WaterCooledChiller,PoG,2.85,4.87,44.5,35.9,2.85 +/- 4.87,44.5 +/- 35.9
NWPP,5B,AbsorptionChiller,LC,3.05,5.1,97.4,7.17,3.05 +/- 5.1,97.4 +/- 7.17
NWPP,5B,AbsorptionChiller,PoG,2.98,5.13,100.0,0.0,2.98 +/- 5.13,100.0 +/- 0.0
NWPP,5B,AirCooledChiller,LC,3.03,5.08,0.0,0.0,3.03 +/- 5.08,0.0 +/- 0.0
NWPP,5B,AirCooledChiller,PoG,2.26,3.79,0.0,0.0,2.26 +/- 3.79,0.0 +/- 0.0
NWPP,5B,WaterCooledChiller,LC,3.79,6.46,44.3,36.8,3.79 +/- 6.46,44.3 +/- 36.8
NWPP,5B,WaterCooledChiller,PoG,3.28,5.59,51.5,37.6,3.28 +/- 5.59,51.5 +/- 37.6
NWPP,6A,AbsorptionChiller,LC,2.49,4.1,96.9,8.04,2.49 +/- 4.1,96.9 +/- 8.04
NWPP,6A,AbsorptionChiller,PoG,2.41,4.1,100.0,0.0,2.41 +/- 4.1,100.0 +/- 0.0
NWPP,6A,AirCooledChiller,LC,3.03,5.08,0.0,0.0,3.03 +/- 5.08,0.0 +/- 0.0
NWPP,6A,AirCooledChiller,PoG,2.26,3.79,0.0,0.0,2.26 +/- 3.79,0.0 +/- 0.0
NWPP,6A,WaterCooledChiller,LC,3.33,5.62,37.7,23.3,3.33 +/- 5.62,37.7 +/- 23.3
NWPP,6A,WaterCooledChiller,PoG,2.81,4.75,44.8,24.8,2.81 +/- 4.75,44.8 +/- 24.8
NWPP,6B,AbsorptionChiller,LC,2.91,4.87,97.2,7.84,2.91 +/- 4.87,97.2 +/- 7.84
NWPP,6B,AbsorptionChiller,PoG,2.84,4.9,100.0,0.0,2.84 +/- 4.9,100.0 +/- 0.0
NWPP,6B,AirCooledChiller,LC,3.03,5.08,0.0,0.0,3.03 +/- 5.08,0.0 +/- 0.0
NWPP,6B,AirCooledChiller,PoG,2.26,3.79,0.0,0.0,2.26 +/- 3.79,0.0 +/- 0.0
NWPP,6B,WaterCooledChiller,LC,3.69,6.29,42.5,42.3,3.69 +/- 6.29,42.5 +/- 42.3
NWPP,6B,WaterCooledChiller,PoG,3.17,5.42,49.7,43.8,3.17 +/- 5.42,49.7 +/- 43.8
NWPP,7,AbsorptionChiller,LC,2.41,3.98,96.8,8.52,2.41 +/- 3.98,96.8 +/- 8.52
NWPP,7,AbsorptionChiller,PoG,2.34,3.98,100.0,0.0,2.34 +/- 3.98,100.0 +/- 0.0
NWPP,7,AirCooledChiller,LC,3.03,5.08,0.0,0.0,3.03 +/- 5.08,0.0 +/- 0.0
NWPP,7,AirCooledChiller,PoG,2.26,3.79,0.0,0.0,2.26 +/- 3.79,0.0 +/- 0.0
NWPP,7,WaterCooledChiller,LC,3.28,5.53,36.4,27.1,3.28 +/- 5.53,36.4 +/- 27.1
NWPP,7,WaterCooledChiller,PoG,2.76,4.67,43.4,29.0,2.76 +/- 4.67,43.4 +/- 29.0
NYCW,4A,AbsorptionChiller,LC,2.48,4.08,96.9,7.96,2.48 +/- 4.08,96.9 +/- 7.96
NYCW,4A,AbsorptionChiller,PoG,2.41,4.08,100.0,0.0,2.41 +/- 4.08,100.0 +/- 0.0
NYCW,4A,AirCooledChiller,LC,1.85,3.1,0.0,0.0,1.85 +/- 3.1,0.0 +/- 0.0
NYCW,4A,AirCooledChiller,PoG,1.17,1.97,0.0,0.0,1.17 +/- 1.97,0.0 +/- 0.0
NYCW,4A,WaterCooledChiller,LC,2.53,4.27,49.7,23.4,2.53 +/- 4.27,49.7 +/- 23.4
NYCW,4A,WaterCooledChiller,PoG,2.07,3.5,60.9,22.5,2.07 +/- 3.5,60.9 +/- 22.5
NYCW,5A,AbsorptionChiller,LC,2.47,4.06,96.9,8.06,2.47 +/- 4.06,96.9 +/- 8.06
NYCW,5A,AbsorptionChiller,PoG,2.39,4.07,100.0,0.0,2.39 +/- 4.07,100.0 +/- 0.0
NYCW,5A,AirCooledChiller,LC,1.85,3.1,0.0,0.0,1.85 +/- 3.1,0.0 +/- 0.0
NYCW,5A,AirCooledChiller,PoG,1.17,1.97,0.0,0.0,1.17 +/- 1.97,0.0 +/- 0.0
NYCW,5A,WaterCooledChiller,LC,2.52,4.25,49.4,24.6,2.52 +/- 4.25,49.4 +/- 24.6
NYCW,5A,WaterCooledChiller,PoG,2.06,3.49,60.6,23.8,2.06 +/- 3.49,60.6 +/- 23.8
NYLI,4A,AbsorptionChiller,LC,2.48,4.08,96.9,7.96,2.48 +/- 4.08,96.9 +/- 7.96
NYLI,4A,AbsorptionChiller,PoG,2.41,4.08,100.0,0.0,2.41 +/- 4.08,100.0 +/- 0.0
NYLI,4A,AirCooledChiller,LC,1.65,2.77,0.0,0.0,1.65 +/- 2.77,0.0 +/- 0.0
NYLI,4A,AirCooledChiller,PoG,0.887,1.49,0.0,0.0,0.887 +/- 1.49,0.0 +/- 0.0
NYLI,4A,WaterCooledChiller,LC,2.4,4.04,52.6,23.4,2.4 +/- 4.04,52.6 +/- 23.4
NYLI,4A,WaterCooledChiller,PoG,1.88,3.18,67.3,20.8,1.88 +/- 3.18,67.3 +/- 20.8
NYUP,4A,AbsorptionChiller,LC,2.48,4.08,96.9,7.96,2.48 +/- 4.08,96.9 +/- 7.96
NYUP,4A,AbsorptionChiller,PoG,2.41,4.08,100.0,0.0,2.41 +/- 4.08,100.0 +/- 0.0
NYUP,4A,AirCooledChiller,LC,2.15,3.61,0.0,0.0,2.15 +/- 3.61,0.0 +/- 0.0
NYUP,4A,AirCooledChiller,PoG,1.5,2.52,0.0,0.0,1.5 +/- 2.52,0.0 +/- 0.0
NYUP,4A,WaterCooledChiller,LC,2.73,4.61,45.9,23.2,2.73 +/- 4.61,45.9 +/- 23.2
NYUP,4A,WaterCooledChiller,PoG,2.3,3.87,54.9,23.3,2.3 +/- 3.87,54.9 +/- 23.3
NYUP,5A,AbsorptionChiller,LC,2.47,4.06,96.9,8.06,2.47 +/- 4.06,96.9 +/- 8.06
NYUP,5A,AbsorptionChiller,PoG,2.39,4.07,100.0,0.0,2.39 +/- 4.07,100.0 +/- 0.0
NYUP,5A,AirCooledChiller,LC,2.15,3.61,0.0,0.0,2.15 +/- 3.61,0.0 +/- 0.0
NYUP,5A,AirCooledChiller,PoG,1.5,2.52,0.0,0.0,1.5 +/- 2.52,0.0 +/- 0.0
NYUP,5A,WaterCooledChiller,LC,2.72,4.59,45.6,24.3,2.72 +/- 4.59,45.6 +/- 24.3
NYUP,5A,WaterCooledChiller,PoG,2.28,3.86,54.6,24.5,2.28 +/- 3.86,54.6 +/- 24.5
NYUP,6A,AbsorptionChiller,LC,2.49,4.1,96.9,8.04,2.49 +/- 4.1,96.9 +/- 8.04
NYUP,6A,AbsorptionChiller,PoG,2.41,4.1,100.0,0.0,2.41 +/- 4.1,100.0 +/- 0.0
NYUP,6A,AirCooledChiller,LC,2.15,3.61,0.0,0.0,2.15 +/- 3.61,0.0 +/- 0.0
NYUP,6A,AirCooledChiller,PoG,1.5,2.52,0.0,0.0,1.5 +/- 2.52,0.0 +/- 0.0
NYUP,6A,WaterCooledChiller,LC,2.74,4.63,46.0,24.9,2.74 +/- 4.63,46.0 +/- 24.9
NYUP,6A,WaterCooledChiller,PoG,2.3,3.89,55.0,25.1,2.3 +/- 3.89,55.0 +/- 25.1
RFCE,4A,AbsorptionChiller,LC,2.48,4.08,96.9,7.96,2.48 +/- 4.08,96.9 +/- 7.96
RFCE,4A,AbsorptionChiller,PoG,2.41,4.08,100.0,0.0,2.41 +/- 4.08,100.0 +/- 0.0
RFCE,4A,AirCooledChiller,LC,2.33,3.9,0.0,0.0,2.33 +/- 3.9,0.0 +/- 0.0
RFCE,4A,AirCooledChiller,PoG,1.51,2.52,0.0,0.0,1.51 +/- 2.52,0.0 +/- 0.0
RFCE,4A,WaterCooledChiller,LC,2.85,4.8,44.0,23.0,2.85 +/- 4.8,44.0 +/- 23.0
RFCE,4A,WaterCooledChiller,PoG,2.3,3.88,54.8,23.3,2.3 +/- 3.88,54.8 +/- 23.3
RFCE,5A,AbsorptionChiller,LC,2.47,4.06,96.9,8.06,2.47 +/- 4.06,96.9 +/- 8.06
RFCE,5A,AbsorptionChiller,PoG,2.39,4.07,100.0,0.0,2.39 +/- 4.07,100.0 +/- 0.0
RFCE,5A,AirCooledChiller,LC,2.33,3.9,0.0,0.0,2.33 +/- 3.9,0.0 +/- 0.0
RFCE,5A,AirCooledChiller,PoG,1.51,2.52,0.0,0.0,1.51 +/- 2.52,0.0 +/- 0.0
RFCE,5A,WaterCooledChiller,LC,2.84,4.79,43.7,24.0,2.84 +/- 4.79,43.7 +/- 24.0
RFCE,5A,WaterCooledChiller,PoG,2.29,3.87,54.5,24.5,2.29 +/- 3.87,54.5 +/- 24.5
RFCE,6A,AbsorptionChiller,LC,2.49,4.1,96.9,8.04,2.49 +/- 4.1,96.9 +/- 8.04
RFCE,6A,AbsorptionChiller,PoG,2.41,4.1,100.0,0.0,2.41 +/- 4.1,100.0 +/- 0.0
RFCE,6A,AirCooledChiller,LC,2.33,3.9,0.0,0.0,2.33 +/- 3.9,0.0 +/- 0.0
RFCE,6A,AirCooledChiller,PoG,1.51,2.52,0.0,0.0,1.51 +/- 2.52,0.0 +/- 0.0
RFCE,6A,WaterCooledChiller,LC,2.86,4.82,44.1,24.7,2.86 +/- 4.82,44.1 +/- 24.7
RFCE,6A,WaterCooledChiller,PoG,2.3,3.9,54.9,25.1,2.3 +/- 3.9,54.9 +/- 25.1
RFCM,5A,AbsorptionChiller,LC,2.47,4.06,96.9,8.06,2.47 +/- 4.06,96.9 +/- 8.06
RFCM,5A,AbsorptionChiller,PoG,2.39,4.07,100.0,0.0,2.39 +/- 4.07,100.0 +/- 0.0
RFCM,5A,AirCooledChiller,LC,7.44,12.5,0.0,0.0,7.44 +/- 12.5,0.0 +/- 0.0
RFCM,5A,AirCooledChiller,PoG,1.34,2.24,0.0,0.0,1.34 +/- 2.24,0.0 +/- 0.0
RFCM,5A,WaterCooledChiller,LC,6.27,10.5,19.6,15.0,6.27 +/- 10.5,19.6 +/- 15.0
RFCM,5A,WaterCooledChiller,PoG,2.17,3.67,57.5,24.2,2.17 +/- 3.67,57.5 +/- 24.2
RFCM,6A,AbsorptionChiller,LC,2.49,4.1,96.9,8.04,2.49 +/- 4.1,96.9 +/- 8.04
RFCM,6A,AbsorptionChiller,PoG,2.41,4.1,100.0,0.0,2.41 +/- 4.1,100.0 +/- 0.0
RFCM,6A,AirCooledChiller,LC,7.44,12.5,0.0,0.0,7.44 +/- 12.5,0.0 +/- 0.0
RFCM,6A,AirCooledChiller,PoG,1.34,2.24,0.0,0.0,1.34 +/- 2.24,0.0 +/- 0.0
RFCM,6A,WaterCooledChiller,LC,6.29,10.6,19.8,15.5,6.29 +/- 10.6,19.8 +/- 15.5
RFCM,6A,WaterCooledChiller,PoG,2.19,3.7,57.9,24.8,2.19 +/- 3.7,57.9 +/- 24.8
RFCW,4A,AbsorptionChiller,LC,2.48,4.08,96.9,7.96,2.48 +/- 4.08,96.9 +/- 7.96
RFCW,4A,AbsorptionChiller,PoG,2.41,4.08,100.0,0.0,2.41 +/- 4.08,100.0 +/- 0.0
RFCW,4A,AirCooledChiller,LC,3.2,5.36,0.0,0.0,3.2 +/- 5.36,0.0 +/- 0.0
RFCW,4A,AirCooledChiller,PoG,1.33,2.23,0.0,0.0,1.33 +/- 2.23,0.0 +/- 0.0
RFCW,4A,WaterCooledChiller,LC,3.44,5.78,36.4,21.5,3.44 +/- 5.78,36.4 +/- 21.5
RFCW,4A,WaterCooledChiller,PoG,2.18,3.68,57.9,22.9,2.18 +/- 3.68,57.9 +/- 22.9
RFCW,5A,AbsorptionChiller,LC,2.47,4.06,96.9,8.06,2.47 +/- 4.06,96.9 +/- 8.06
RFCW,5A,AbsorptionChiller,PoG,2.39,4.07,100.0,0.0,2.39 +/- 4.07,100.0 +/- 0.0
RFCW,5A,AirCooledChiller,LC,3.2,5.36,0.0,0.0,3.2 +/- 5.36,0.0 +/- 0.0
RFCW,5A,AirCooledChiller,PoG,1.33,2.23,0.0,0.0,1.33 +/- 2.23,0.0 +/- 0.0
RFCW,5A,WaterCooledChiller,LC,3.42,5.77,36.1,22.3,3.42 +/- 5.77,36.1 +/- 22.3
RFCW,5A,WaterCooledChiller,PoG,2.17,3.67,57.6,24.2,2.17 +/- 3.67,57.6 +/- 24.2
RFCW,6A,AbsorptionChiller,LC,2.49,4.1,96.9,8.04,2.49 +/- 4.1,96.9 +/- 8.04
RFCW,6A,AbsorptionChiller,PoG,2.41,4.1,100.0,0.0,2.41 +/- 4.1,100.0 +/- 0.0
RFCW,6A,AirCooledChiller,LC,3.2,5.36,0.0,0.0,3.2 +/- 5.36,0.0 +/- 0.0
RFCW,6A,AirCooledChiller,PoG,1.33,2.23,0.0,0.0,1.33 +/- 2.23,0.0 +/- 0.0
RFCW,6A,WaterCooledChiller,LC,3.44,5.8,36.5,23.0,3.44 +/- 5.8,36.5 +/- 23.0
RFCW,6A,WaterCooledChiller,PoG,2.19,3.7,58.0,24.8,2.19 +/- 3.7,58.0 +/- 24.8
RFCW,7,AbsorptionChiller,LC,2.41,3.98,96.8,8.52,2.41 +/- 3.98,96.8 +/- 8.52
RFCW,7,AbsorptionChiller,PoG,2.34,3.98,100.0,0.0,2.34 +/- 3.98,100.0 +/- 0.0
RFCW,7,AirCooledChiller,LC,3.2,5.36,0.0,0.0,3.2 +/- 5.36,0.0 +/- 0.0
RFCW,7,AirCooledChiller,PoG,1.33,2.23,0.0,0.0,1.33 +/- 2.23,0.0 +/- 0.0
RFCW,7,WaterCooledChiller,LC,3.39,5.72,35.2,26.6,3.39 +/- 5.72,35.2 +/- 26.6
RFCW,7,WaterCooledChiller,PoG,2.13,3.62,56.6,29.7,2.13 +/- 3.62,56.6 +/- 29.7
RMPA,4A,AbsorptionChiller,LC,2.48,4.08,96.9,7.96,2.48 +/- 4.08,96.9 +/- 7.96
RMPA,4A,AbsorptionChiller,PoG,2.41,4.08,100.0,0.0,2.41 +/- 4.08,100.0 +/- 0.0
RMPA,4A,AirCooledChiller,LC,1.65,2.77,0.0,0.0,1.65 +/- 2.77,0.0 +/- 0.0
RMPA,4A,AirCooledChiller,PoG,0.952,1.6,0.0,0.0,0.952 +/- 1.6,0.0 +/- 0.0
RMPA,4A,WaterCooledChiller,LC,2.4,4.04,52.5,23.4,2.4 +/- 4.04,52.5 +/- 23.4
RMPA,4A,WaterCooledChiller,PoG,1.93,3.25,65.7,21.3,1.93 +/- 3.25,65.7 +/- 21.3
RMPA,4B,AbsorptionChiller,LC,3.05,5.05,97.4,6.88,3.05 +/- 5.05,97.4 +/- 6.88
RMPA,4B,AbsorptionChiller,PoG,2.97,5.08,100.0,0.0,2.97 +/- 5.08,100.0 +/- 0.0
RMPA,4B,AirCooledChiller,LC,1.65,2.77,0.0,0.0,1.65 +/- 2.77,0.0 +/- 0.0
RMPA,4B,AirCooledChiller,PoG,0.952,1.6,0.0,0.0,0.952 +/- 1.6,0.0 +/- 0.0
RMPA,4B,WaterCooledChiller,LC,2.86,4.86,59.6,30.8,2.86 +/- 4.86,59.6 +/- 30.8
RMPA,4B,WaterCooledChiller,PoG,2.39,4.07,71.9,26.3,2.39 +/- 4.07,71.9 +/- 26.3
RMPA,5A,AbsorptionChiller,LC,2.47,4.06,96.9,8.06,2.47 +/- 4.06,96.9 +/- 8.06
RMPA,5A,AbsorptionChiller,PoG,2.39,4.07,100.0,0.0,2.39 +/- 4.07,100.0 +/- 0.0
RMPA,5A,AirCooledChiller,LC,1.65,2.77,0.0,0.0,1.65 +/- 2.77,0.0 +/- 0.0
RMPA,5A,AirCooledChiller,PoG,0.952,1.6,0.0,0.0,0.952 +/- 1.6,0.0 +/- 0.0
RMPA,5A,WaterCooledChiller,LC,2.38,4.03,52.2,24.6,2.38 +/- 4.03,52.2 +/- 24.6
RMPA,5A,WaterCooledChiller,PoG,1.91,3.24,65.5,22.6,1.91 +/- 3.24,65.5 +/- 22.6
RMPA,5B,AbsorptionChiller,LC,3.05,5.1,97.4,7.17,3.05 +/- 5.1,97.4 +/- 7.17
RMPA,5B,AbsorptionChiller,PoG,2.98,5.13,100.0,0.0,2.98 +/- 5.13,100.0 +/- 0.0
RMPA,5B,AirCooledChiller,LC,1.65,2.77,0.0,0.0,1.65 +/- 2.77,0.0 +/- 0.0
RMPA,5B,AirCooledChiller,PoG,0.952,1.6,0.0,0.0,0.952 +/- 1.6,0.0 +/- 0.0
RMPA,5B,WaterCooledChiller,LC,2.87,4.91,59.2,36.8,2.87 +/- 4.91,59.2 +/- 36.8
RMPA,5B,WaterCooledChiller,PoG,2.4,4.12,71.6,31.7,2.4 +/- 4.12,71.6 +/- 31.7
RMPA,6A,AbsorptionChiller,LC,2.49,4.1,96.9,8.04,2.49 +/- 4.1,96.9 +/- 8.04
RMPA,6A,AbsorptionChiller,PoG,2.41,4.1,100.0,0.0,2.41 +/- 4.1,100.0 +/- 0.0
RMPA,6A,AirCooledChiller,LC,1.65,2.77,0.0,0.0,1.65 +/- 2.77,0.0 +/- 0.0
RMPA,6A,AirCooledChiller,PoG,0.952,1.6,0.0,0.0,0.952 +/- 1.6,0.0 +/- 0.0
RMPA,6A,WaterCooledChiller,LC,2.4,4.06,52.6,25.2,2.4 +/- 4.06,52.6 +/- 25.2
RMPA,6A,WaterCooledChiller,PoG,1.93,3.27,65.8,23.1,1.93 +/- 3.27,65.8 +/- 23.1
RMPA,6B,AbsorptionChiller,LC,2.91,4.87,97.2,7.84,2.91 +/- 4.87,97.2 +/- 7.84
RMPA,6B,AbsorptionChiller,PoG,2.84,4.9,100.0,0.0,2.84 +/- 4.9,100.0 +/- 0.0
RMPA,6B,AirCooledChiller,LC,1.65,2.77,0.0,0.0,1.65 +/- 2.77,0.0 +/- 0.0
RMPA,6B,AirCooledChiller,PoG,0.952,1.6,0.0,0.0,0.952 +/- 1.6,0.0 +/- 0.0
RMPA,6B,WaterCooledChiller,LC,2.76,4.74,57.4,43.5,2.76 +/- 4.74,57.4 +/- 43.5
RMPA,6B,WaterCooledChiller,PoG,2.29,3.95,70.0,38.3,2.29 +/- 3.95,70.0 +/- 38.3
RMPA,7,AbsorptionChiller,LC,2.41,3.98,96.8,8.52,2.41 +/- 3.98,96.8 +/- 8.52
RMPA,7,AbsorptionChiller,PoG,2.34,3.98,100.0,0.0,2.34 +/- 3.98,100.0 +/- 0.0
RMPA,7,AirCooledChiller,LC,1.65,2.77,0.0,0.0,1.65 +/- 2.77,0.0 +/- 0.0
RMPA,7,AirCooledChiller,PoG,0.952,1.6,0.0,0.0,0.952 +/- 1.6,0.0 +/- 0.0
RMPA,7,WaterCooledChiller,LC,2.35,3.98,51.2,29.9,2.35 +/- 3.98,51.2 +/- 29.9
RMPA,7,WaterCooledChiller,PoG,1.88,3.19,64.5,28.0,1.88 +/- 3.19,64.5 +/- 28.0
SPNO,3A,AbsorptionChiller,LC,2.53,4.14,97.0,7.69,2.53 +/- 4.14,97.0 +/- 7.69
SPNO,3A,AbsorptionChiller,PoG,2.45,4.15,100.0,0.0,2.45 +/- 4.15,100.0 +/- 0.0
SPNO,3A,AirCooledChiller,LC,2.32,3.88,0.0,0.0,2.32 +/- 3.88,0.0 +/- 0.0
SPNO,3A,AirCooledChiller,PoG,1.56,2.61,0.0,0.0,1.56 +/- 2.61,0.0 +/- 0.0
SPNO,3A,WaterCooledChiller,LC,2.87,4.83,44.9,20.0,2.87 +/- 4.83,44.9 +/- 20.0
SPNO,3A,WaterCooledChiller,PoG,2.36,3.98,54.8,20.1,2.36 +/- 3.98,54.8 +/- 20.1
SPNO,4A,AbsorptionChiller,LC,2.48,4.08,96.9,7.96,2.48 +/- 4.08,96.9 +/- 7.96
SPNO,4A,AbsorptionChiller,PoG,2.41,4.08,100.0,0.0,2.41 +/- 4.08,100.0 +/- 0.0
SPNO,4A,AirCooledChiller,LC,2.32,3.88,0.0,0.0,2.32 +/- 3.88,0.0 +/- 0.0
SPNO,4A,AirCooledChiller,PoG,1.56,2.61,0.0,0.0,1.56 +/- 2.61,0.0 +/- 0.0
SPNO,4A,WaterCooledChiller,LC,2.84,4.79,44.1,23.0,2.84 +/- 4.79,44.1 +/- 23.0
SPNO,4A,WaterCooledChiller,PoG,2.33,3.93,54.0,23.3,2.33 +/- 3.93,54.0 +/- 23.3
SPNO,4B,AbsorptionChiller,LC,3.05,5.05,97.4,6.88,3.05 +/- 5.05,97.4 +/- 6.88
SPNO,4B,AbsorptionChiller,PoG,2.97,5.08,100.0,0.0,2.97 +/- 5.08,100.0 +/- 0.0
SPNO,4B,AirCooledChiller,LC,2.32,3.88,0.0,0.0,2.32 +/- 3.88,0.0 +/- 0.0
SPNO,4B,AirCooledChiller,PoG,1.56,2.61,0.0,0.0,1.56 +/- 2.61,0.0 +/- 0.0
SPNO,4B,WaterCooledChiller,LC,3.3,5.61,51.3,31.6,3.3 +/- 5.61,51.3 +/- 31.6
SPNO,4B,WaterCooledChiller,PoG,2.79,4.75,61.1,30.5,2.79 +/- 4.75,61.1 +/- 30.5
SPNO,5A,AbsorptionChiller,LC,2.47,4.06,96.9,8.06,2.47 +/- 4.06,96.9 +/- 8.06
SPNO,5A,AbsorptionChiller,PoG,2.39,4.07,100.0,0.0,2.39 +/- 4.07,100.0 +/- 0.0
SPNO,5A,AirCooledChiller,LC,2.32,3.88,0.0,0.0,2.32 +/- 3.88,0.0 +/- 0.0
SPNO,5A,AirCooledChiller,PoG,1.56,2.61,0.0,0.0,1.56 +/- 2.61,0.0 +/- 0.0
SPNO,5A,WaterCooledChiller,LC,2.83,4.78,43.8,24.0,2.83 +/- 4.78,43.8 +/- 24.0
SPNO,5A,WaterCooledChiller,PoG,2.32,3.92,53.7,24.6,2.32 +/- 3.92,53.7 +/- 24.6
SPNO,5B,AbsorptionChiller,LC,3.05,5.1,97.4,7.17,3.05 +/- 5.1,97.4 +/- 7.17
SPNO,5B,AbsorptionChiller,PoG,2.98,5.13,100.0,0.0,2.98 +/- 5.13,100.0 +/- 0.0
SPNO,5B,AirCooledChiller,LC,2.32,3.88,0.0,0.0,2.32 +/- 3.88,0.0 +/- 0.0
SPNO,5B,AirCooledChiller,PoG,1.56,2.61,0.0,0.0,1.56 +/- 2.61,0.0 +/- 0.0
SPNO,5B,WaterCooledChiller,LC,3.31,5.65,51.0,37.6,3.31 +/- 5.65,51.0 +/- 37.6
SPNO,5B,WaterCooledChiller,PoG,2.8,4.8,60.7,36.5,2.8 +/- 4.8,60.7 +/- 36.5
SPSO,2A,AbsorptionChiller,LC,2.48,4.05,96.9,7.68,2.48 +/- 4.05,96.9 +/- 7.68
SPSO,2A,AbsorptionChiller,PoG,2.41,4.05,100.0,0.0,2.41 +/- 4.05,100.0 +/- 0.0
SPSO,2A,AirCooledChiller,LC,3.8,6.37,0.0,0.0,3.8 +/- 6.37,0.0 +/- 0.0
SPSO,2A,AirCooledChiller,PoG,0.867,1.45,0.0,0.0,0.867 +/- 1.45,0.0 +/- 0.0
SPSO,2A,WaterCooledChiller,LC,3.82,6.42,32.7,15.9,3.82 +/- 6.42,32.7 +/- 15.9
SPSO,2A,WaterCooledChiller,PoG,1.85,3.11,68.0,15.9,1.85 +/- 3.11,68.0 +/- 15.9
SPSO,3A,AbsorptionChiller,LC,2.53,4.14,97.0,7.68,2.53 +/- 4.14,97.0 +/- 7.68
SPSO,3A,AbsorptionChiller,PoG,2.45,4.08,100.0,0.0,2.45 +/- 4.08,100.0 +/- 0.0
SPSO,3A,AirCooledChiller,LC,3.8,6.27,0.0,0.0,3.8 +/- 6.27,0.0 +/- 0.0
SPSO,3A,AirCooledChiller,PoG,0.867,1.43,0.0,0.0,0.867 +/- 1.43,0.0 +/- 0.0
SPSO,3A,WaterCooledChiller,LC,3.87,6.4,33.2,17.5,3.87 +/- 6.4,33.2 +/- 17.5
SPSO,3A,WaterCooledChiller,PoG,1.9,3.15,68.5,17.4,1.9 +/- 3.15,68.5 +/- 17.4
SPSO,3B,AbsorptionChiller,LC,3.35,5.51,97.7,6.13,3.35 +/- 5.51,97.7 +/- 6.13
SPSO,3B,AbsorptionChiller,PoG,3.28,5.56,100.0,0.0,3.28 +/- 5.56,100.0 +/- 0.0
SPSO,3B,AirCooledChiller,LC,3.8,6.37,0.0,0.0,3.8 +/- 6.37,0.0 +/- 0.0
SPSO,3B,AirCooledChiller,PoG,0.867,1.45,0.0,0.0,0.867 +/- 1.45,0.0 +/- 0.0
SPSO,3B,WaterCooledChiller,LC,4.55,7.67,42.6,26.2,4.55 +/- 7.67,42.6 +/- 26.2
SPSO,3B,WaterCooledChiller,PoG,2.58,4.36,76.4,20.2,2.58 +/- 4.36,76.4 +/- 20.2
SPSO,4A,AbsorptionChiller,LC,2.48,4.08,96.9,7.96,2.48 +/- 4.08,96.9 +/- 7.96
SPSO,4A,AbsorptionChiller,PoG,2.41,4.08,100.0,0.0,2.41 +/- 4.08,100.0 +/- 0.0
SPSO,4A,AirCooledChiller,LC,3.8,6.37,0.0,0.0,3.8 +/- 6.37,0.0 +/- 0.0
SPSO,4A,AirCooledChiller,PoG,0.867,1.45,0.0,0.0,0.867 +/- 1.45,0.0 +/- 0.0
SPSO,4A,WaterCooledChiller,LC,3.84,6.46,32.5,20.3,3.84 +/- 6.46,32.5 +/- 20.3
SPSO,4A,WaterCooledChiller,PoG,1.87,3.16,67.8,20.7,1.87 +/- 3.16,67.8 +/- 20.7
SPSO,4B,AbsorptionChiller,LC,3.05,5.05,97.4,6.88,3.05 +/- 5.05,97.4 +/- 6.88
SPSO,4B,AbsorptionChiller,PoG,2.97,5.08,100.0,0.0,2.97 +/- 5.08,100.0 +/- 0.0
SPSO,4B,AirCooledChiller,LC,3.8,6.37,0.0,0.0,3.8 +/- 6.37,0.0 +/- 0.0
SPSO,4B,AirCooledChiller,PoG,0.867,1.45,0.0,0.0,0.867 +/- 1.45,0.0 +/- 0.0
SPSO,4B,WaterCooledChiller,LC,4.3,7.28,39.2,29.7,4.3 +/- 7.28,39.2 +/- 29.7
SPSO,4B,WaterCooledChiller,PoG,2.33,3.98,73.7,25.2,2.33 +/- 3.98,73.7 +/- 25.2
SPSO,5B,AbsorptionChiller,LC,3.05,5.1,97.4,7.17,3.05 +/- 5.1,97.4 +/- 7.17
SPSO,5B,AbsorptionChiller,PoG,2.98,5.13,100.0,0.0,2.98 +/- 5.13,100.0 +/- 0.0
SPSO,5B,AirCooledChiller,LC,3.8,6.37,0.0,0.0,3.8 +/- 6.37,0.0 +/- 0.0
SPSO,5B,AirCooledChiller,PoG,0.867,1.45,0.0,0.0,0.867 +/- 1.45,0.0 +/- 0.0
SPSO,5B,WaterCooledChiller,LC,4.31,7.32,38.8,35.1,4.31 +/- 7.32,38.8 +/- 35.1
SPSO,5B,WaterCooledChiller,PoG,2.34,4.02,73.4,30.5,2.34 +/- 4.02,73.4 +/- 30.5
SRMV,2A,AbsorptionChiller,LC,2.48,4.05,96.9,7.68,2.48 +/- 4.05,96.9 +/- 7.68
SRMV,2A,AbsorptionChiller,PoG,2.41,4.05,100.0,0.0,2.41 +/- 4.05,100.0 +/- 0.0
SRMV,2A,AirCooledChiller,LC,9.31,15.6,0.0,0.0,9.31 +/- 15.6,0.0 +/- 0.0
SRMV,2A,AirCooledChiller,PoG,1.3,2.18,0.0,0.0,1.3 +/- 2.18,0.0 +/- 0.0
SRMV,2A,WaterCooledChiller,LC,7.53,12.6,16.6,9.97,7.53 +/- 12.6,16.6 +/- 9.97
SRMV,2A,WaterCooledChiller,PoG,2.15,3.6,58.6,17.7,2.15 +/- 3.6,58.6 +/- 17.7
SRMV,3A,AbsorptionChiller,LC,2.53,4.14,97.0,7.68,2.53 +/- 4.14,97.0 +/- 7.68
SRMV,3A,AbsorptionChiller,PoG,2.45,4.08,100.0,0.0,2.45 +/- 4.08,100.0 +/- 0.0
SRMV,3A,AirCooledChiller,LC,9.31,15.4,0.0,0.0,9.31 +/- 15.4,0.0 +/- 0.0
SRMV,3A,AirCooledChiller,PoG,1.3,2.15,0.0,0.0,1.3 +/- 2.15,0.0 +/- 0.0
SRMV,3A,WaterCooledChiller,LC,7.57,12.5,16.9,11.0,7.57 +/- 12.5,16.9 +/- 11.0
SRMV,3A,WaterCooledChiller,PoG,2.19,3.63,59.1,19.4,2.19 +/- 3.63,59.1 +/- 19.4
SRMV,4A,AbsorptionChiller,LC,2.48,4.08,96.9,7.96,2.48 +/- 4.08,96.9 +/- 7.96
SRMV,4A,AbsorptionChiller,PoG,2.41,4.08,100.0,0.0,2.41 +/- 4.08,100.0 +/- 0.0
SRMV,4A,AirCooledChiller,LC,9.31,15.6,0.0,0.0,9.31 +/- 15.6,0.0 +/- 0.0
SRMV,4A,AirCooledChiller,PoG,1.3,2.18,0.0,0.0,1.3 +/- 2.18,0.0 +/- 0.0
SRMV,4A,WaterCooledChiller,LC,7.54,12.7,16.5,12.6,7.54 +/- 12.7,16.5 +/- 12.6
SRMV,4A,WaterCooledChiller,PoG,2.16,3.65,58.4,22.9,2.16 +/- 3.65,58.4 +/- 22.9
SRMW,3A,AbsorptionChiller,LC,2.53,4.14,97.0,7.69,2.53 +/- 4.14,97.0 +/- 7.69
SRMW,3A,AbsorptionChiller,PoG,2.45,4.15,100.0,0.0,2.45 +/- 4.15,100.0 +/- 0.0
SRMW,3A,AirCooledChiller,LC,9.67,16.2,0.0,0.0,9.67 +/- 16.2,0.0 +/- 0.0
SRMW,3A,AirCooledChiller,PoG,1.6,2.68,0.0,0.0,1.6 +/- 2.68,0.0 +/- 0.0
SRMW,3A,WaterCooledChiller,LC,7.81,13.1,16.3,10.9,7.81 +/- 13.1,16.3 +/- 10.9
SRMW,3A,WaterCooledChiller,PoG,2.39,4.02,54.1,20.2,2.39 +/- 4.02,54.1 +/- 20.2
SRMW,4A,AbsorptionChiller,LC,2.48,4.08,96.9,7.96,2.48 +/- 4.08,96.9 +/- 7.96
SRMW,4A,AbsorptionChiller,PoG,2.41,4.08,100.0,0.0,2.41 +/- 4.08,100.0 +/- 0.0
SRMW,4A,AirCooledChiller,LC,9.67,16.2,0.0,0.0,9.67 +/- 16.2,0.0 +/- 0.0
SRMW,4A,AirCooledChiller,PoG,1.6,2.68,0.0,0.0,1.6 +/- 2.68,0.0 +/- 0.0
SRMW,4A,WaterCooledChiller,LC,7.78,13.1,15.9,12.3,7.78 +/- 13.1,15.9 +/- 12.3
SRMW,4A,WaterCooledChiller,PoG,2.36,3.98,53.4,23.4,2.36 +/- 3.98,53.4 +/- 23.4
SRMW,5A,AbsorptionChiller,LC,2.47,4.06,96.9,8.06,2.47 +/- 4.06,96.9 +/- 8.06
SRMW,5A,AbsorptionChiller,PoG,2.39,4.07,100.0,0.0,2.39 +/- 4.07,100.0 +/- 0.0
SRMW,5A,AirCooledChiller,LC,9.67,16.2,0.0,0.0,9.67 +/- 16.2,0.0 +/- 0.0
SRMW,5A,AirCooledChiller,PoG,1.6,2.68,0.0,0.0,1.6 +/- 2.68,0.0 +/- 0.0
SRMW,5A,WaterCooledChiller,LC,7.77,13.1,15.8,12.6,7.77 +/- 13.1,15.8 +/- 12.6
SRMW,5A,WaterCooledChiller,PoG,2.35,3.97,53.1,24.6,2.35 +/- 3.97,53.1 +/- 24.6
SRSO,2A,AbsorptionChiller,LC,2.48,4.05,96.9,7.68,2.48 +/- 4.05,96.9 +/- 7.68
SRSO,2A,AbsorptionChiller,PoG,2.41,4.05,100.0,0.0,2.41 +/- 4.05,100.0 +/- 0.0
SRSO,2A,AirCooledChiller,LC,2.09,3.5,0.0,0.0,2.09 +/- 3.5,0.0 +/- 0.0
SRSO,2A,AirCooledChiller,PoG,1.45,2.42,0.0,0.0,1.45 +/- 2.42,0.0 +/- 0.0
SRSO,2A,WaterCooledChiller,LC,2.67,4.49,46.9,18.1,2.67 +/- 4.49,46.9 +/- 18.1
SRSO,2A,WaterCooledChiller,PoG,2.24,3.77,56.1,18.0,2.24 +/- 3.77,56.1 +/- 18.0
SRSO,3A,AbsorptionChiller,LC,2.53,4.14,97.0,7.68,2.53 +/- 4.14,97.0 +/- 7.68
SRSO,3A,AbsorptionChiller,PoG,2.45,4.08,100.0,0.0,2.45 +/- 4.08,100.0 +/- 0.0
SRSO,3A,AirCooledChiller,LC,2.09,3.44,0.0,0.0,2.09 +/- 3.44,0.0 +/- 0.0
SRSO,3A,AirCooledChiller,PoG,1.45,2.38,0.0,0.0,1.45 +/- 2.38,0.0 +/- 0.0
SRSO,3A,WaterCooledChiller,LC,2.72,4.5,47.4,19.8,2.72 +/- 4.5,47.4 +/- 19.8
SRSO,3A,WaterCooledChiller,PoG,2.29,3.79,56.6,19.6,2.29 +/- 3.79,56.6 +/- 19.6
SRSO,4A,AbsorptionChiller,LC,2.48,4.08,96.9,7.96,2.48 +/- 4.08,96.9 +/- 7.96
SRSO,4A,AbsorptionChiller,PoG,2.41,4.08,100.0,0.0,2.41 +/- 4.08,100.0 +/- 0.0
SRSO,4A,AirCooledChiller,LC,2.09,3.5,0.0,0.0,2.09 +/- 3.5,0.0 +/- 0.0
SRSO,4A,AirCooledChiller,PoG,1.45,2.42,0.0,0.0,1.45 +/- 2.42,0.0 +/- 0.0
SRSO,4A,WaterCooledChiller,LC,2.69,4.53,46.7,23.3,2.69 +/- 4.53,46.7 +/- 23.3
SRSO,4A,WaterCooledChiller,PoG,2.26,3.81,55.9,23.2,2.26 +/- 3.81,55.9 +/- 23.2
SRTV,3A,AbsorptionChiller,LC,2.53,4.14,97.0,7.68,2.53 +/- 4.14,97.0 +/- 7.68
SRTV,3A,AbsorptionChiller,PoG,2.45,4.08,100.0,0.0,2.45 +/- 4.08,100.0 +/- 0.0
SRTV,3A,AirCooledChiller,LC,2.51,4.14,0.0,0.0,2.51 +/- 4.14,0.0 +/- 0.0
SRTV,3A,AirCooledChiller,PoG,1.19,1.96,0.0,0.0,1.19 +/- 1.96,0.0 +/- 0.0
SRTV,3A,WaterCooledChiller,LC,3.0,4.97,42.9,19.4,3.0 +/- 4.97,42.9 +/- 19.4
SRTV,3A,WaterCooledChiller,PoG,2.11,3.51,61.3,19.0,2.11 +/- 3.51,61.3 +/- 19.0
SRTV,4A,AbsorptionChiller,LC,2.48,4.08,96.9,7.96,2.48 +/- 4.08,96.9 +/- 7.96
SRTV,4A,AbsorptionChiller,PoG,2.41,4.08,100.0,0.0,2.41 +/- 4.08,100.0 +/- 0.0
SRTV,4A,AirCooledChiller,LC,2.51,4.21,0.0,0.0,2.51 +/- 4.21,0.0 +/- 0.0
SRTV,4A,AirCooledChiller,PoG,1.19,1.99,0.0,0.0,1.19 +/- 1.99,0.0 +/- 0.0
SRTV,4A,WaterCooledChiller,LC,2.97,5.01,42.1,22.7,2.97 +/- 5.01,42.1 +/- 22.7
SRTV,4A,WaterCooledChiller,PoG,2.09,3.52,60.6,22.5,2.09 +/- 3.52,60.6 +/- 22.5
SRTV,5A,AbsorptionChiller,LC,2.47,4.06,96.9,8.06,2.47 +/- 4.06,96.9 +/- 8.06
SRTV,5A,AbsorptionChiller,PoG,2.39,4.07,100.0,0.0,2.39 +/- 4.07,100.0 +/- 0.0
SRTV,5A,AirCooledChiller,LC,2.51,4.21,0.0,0.0,2.51 +/- 4.21,0.0 +/- 0.0
SRTV,5A,AirCooledChiller,PoG,1.19,1.99,0.0,0.0,1.19 +/- 1.99,0.0 +/- 0.0
SRTV,5A,WaterCooledChiller,LC,2.96,5.0,41.8,23.7,2.96 +/- 5.0,41.8 +/- 23.7
SRTV,5A,WaterCooledChiller,PoG,2.07,3.51,60.3,23.8,2.07 +/- 3.51,60.3 +/- 23.8
SRVC,2A,AbsorptionChiller,LC,2.48,4.05,96.9,7.68,2.48 +/- 4.05,96.9 +/- 7.68
SRVC,2A,AbsorptionChiller,PoG,2.41,4.05,100.0,0.0,2.41 +/- 4.05,100.0 +/- 0.0
SRVC,2A,AirCooledChiller,LC,6.27,10.5,0.0,0.0,6.27 +/- 10.5,0.0 +/- 0.0
SRVC,2A,AirCooledChiller,PoG,1.35,2.27,0.0,0.0,1.35 +/- 2.27,0.0 +/- 0.0
SRVC,2A,WaterCooledChiller,LC,5.48,9.19,22.8,12.7,5.48 +/- 9.19,22.8 +/- 12.7
SRVC,2A,WaterCooledChiller,PoG,2.18,3.66,57.7,17.8,2.18 +/- 3.66,57.7 +/- 17.8
SRVC,3A,AbsorptionChiller,LC,2.53,4.14,97.0,7.68,2.53 +/- 4.14,97.0 +/- 7.68
SRVC,3A,AbsorptionChiller,PoG,2.45,4.08,100.0,0.0,2.45 +/- 4.08,100.0 +/- 0.0
SRVC,3A,AirCooledChiller,LC,6.27,10.3,0.0,0.0,6.27 +/- 10.3,0.0 +/- 0.0
SRVC,3A,AirCooledChiller,PoG,1.35,2.23,0.0,0.0,1.35 +/- 2.23,0.0 +/- 0.0
SRVC,3A,WaterCooledChiller,LC,5.53,9.13,23.2,14.0,5.53 +/- 9.13,23.2 +/- 14.0
SRVC,3A,WaterCooledChiller,PoG,2.22,3.69,58.2,19.5,2.22 +/- 3.69,58.2 +/- 19.5
SRVC,4A,AbsorptionChiller,LC,2.48,4.08,96.9,7.96,2.48 +/- 4.08,96.9 +/- 7.96
SRVC,4A,AbsorptionChiller,PoG,2.41,4.08,100.0,0.0,2.41 +/- 4.08,100.0 +/- 0.0
SRVC,4A,AirCooledChiller,LC,6.27,10.5,0.0,0.0,6.27 +/- 10.5,0.0 +/- 0.0
SRVC,4A,AirCooledChiller,PoG,1.35,2.27,0.0,0.0,1.35 +/- 2.27,0.0 +/- 0.0
SRVC,4A,WaterCooledChiller,LC,5.5,9.24,22.6,16.1,5.5 +/- 9.24,22.6 +/- 16.1
SRVC,4A,WaterCooledChiller,PoG,2.2,3.71,57.5,23.0,2.2 +/- 3.71,57.5 +/- 23.0
SRVC,5A,AbsorptionChiller,LC,2.47,4.06,96.9,8.06,2.47 +/- 4.06,96.9 +/- 8.06
SRVC,5A,AbsorptionChiller,PoG,2.39,4.07,100.0,0.0,2.39 +/- 4.07,100.0 +/- 0.0
SRVC,5A,AirCooledChiller,LC,6.27,10.5,0.0,0.0,6.27 +/- 10.5,0.0 +/- 0.0
SRVC,5A,AirCooledChiller,PoG,1.35,2.27,0.0,0.0,1.35 +/- 2.27,0.0 +/- 0.0
SRVC,5A,WaterCooledChiller,LC,5.48,9.23,22.4,16.6,5.48 +/- 9.23,22.4 +/- 16.6
SRVC,5A,WaterCooledChiller,PoG,2.18,3.69,57.1,24.3,2.18 +/- 3.69,57.1 +/- 24.3
